video_id,title,published,viewCount,likeCount,dislikeCount
-kkw86b9XBU,지금 당신에게 들려주고 싶은 그 노래! | 8090가요 | 가요20 | Retro Korean Pop,2025-07-16,1413,28,0
FYP2r6rQteY,"여름밤 라디오, 1시간 반복 | 인기곡 | 한국시티팝 | Korean City Pop",2025-07-15,1282,28,0
xCgXQqmvryU,"지친 하루 끝에, 이 노래면 충분해요! | 한국시티팝 | 8090가요 | Korean City Pop",2025-07-14,2716,65,0
NDsKo5EpZ4I,"별빛 다리 위에서, 1시간 반복 | 인기곡 | 한국시티팝 | Korean City Pop",2025-07-13,4192,107,0
QiIADQmh834,요즘 이런 노래 잘 없죠? 최고의 감성플레이리스트 | 한국시티팝 | 8090가요 | Korean City Pop,2025-07-11,7497,109,0
e2j-srF0phE,"수능 금지곡! 딱! 한번 들었는데, 머리속에 계속 맴도네! | 90,00 가요 | 가요20 | Retro Korean Pop",2025-07-09,4643,62,0
j_sl4Jdq1uc,"듣기 시작하면, 멈출 수 없는 노래! 감성플레이리스트 | 한국시티팝 | Korean City Pop",2025-07-07,12928,214,0
ldRDnhk5-Fs,"8090 가요, 창고 방출중!",2025-07-04,477,2,0
ZKe_ErvenLI,"눈물 나게 좋다, 미쳤다 진짜! 감성플레이리스트 | 시티팝 | 8090가요 | Korean City Pop",2025-07-04,91810,1753,0
aGtKrDryBlM,"듣자마자, 뭐지? 하신분~",2025-07-03,453,4,0
K9POtrZpU2I,산책할 때 최고의 음악! 시티팝! 시간 가는 줄 몰라요~,2025-07-03,446,0,0
3sze68YqLtI,"8090가요, 최고의 감성 음악! 지금 전곡감상해 보세요",2025-07-03,379,2,0
nq4CF0eurmA,최고의 감성 노래 모음! 한국 시티팝!,2025-07-03,378,0,0
K0vI9BvyTB0,감성 쩌는 최고의 보이스!,2025-07-03,673,3,0
5rKe9qgDLlo,이 노래가 땡기신다면 제목을 클릭하세요!,2025-07-02,326,1,0
tQf1sMzmBss,"메마른 내 마음을 적셔줄, 단비 같은 노래 | 한국 시티팝 | 8090시티팝 | 8090가요 | Korean City Pop",2025-07-02,29196,472,0
ke9ronXLu0w,메말라서 부서질 거 같은 내 마음에 단비 같은 노래!,2025-07-02,526,3,0
bnHSRHrP4DY,"워킹할 때, 운동할 때, 최고! 듣고 있으면 힘들지 않아요!",2025-07-02,268,0,0
Ybdnk9cwhDo,마음을 촉촉히 적셔줄 그 감성 음악,2025-07-02,457,4,0
r18AOdLu2qY,최고의 감성 노래 모음~ 뻑~ 가요~,2025-07-02,517,4,0
jAIQp95JE7M,첫곡부터 감성 보이스 쩔어! 진짜가 나타났다! | 8090 한국 가요,2025-07-02,1384,17,0
ajfHG_5Nims,메마른 내 마음에 단비 같은 노래! 한국 시티팝!,2025-07-02,423,1,0
UsUWjodyQFk,신나는 음악 다 모아놨어요! 전곡 감상해 보세요,2025-07-01,25,1,0
bnGPXWZBjig,신나는 음악! 8090 가요!,2025-07-01,276,3,0
9xoi49H4FxY,"이 노래가 궁금하시다면, 전곡 확인하러 ㄱㄱ",2025-07-01,320,2,0
S0gLPA72aNg,이거 옛날 노래 맞어? 아닌데??????,2025-07-01,1302,4,0
K09xVDZFKf0,이 노래가 궁금하다면?,2025-06-30,142,0,0
y1zcJP6X-UE,"8090가요, 신나게 들을 수 있는 노래 선곡!!! 한 곡도 스킵 못해~ | 8090가요 | 가요TOP20 | 8090s Korean  Pop",2025-06-30,1057,24,0
G83qxNzr8k0,첫 곡부터 터지는 노래! 대박~!,2025-06-30,248,0,0
U0Jo1C3Q_xM,너무 신나! 8090 좋은데??,2025-06-30,240,0,0
8oG25d5K5k8,쇼츠로 보기엔 못참겠죠? 전곡감상 ㄱㄱ,2025-06-30,466,1,0
32MiSgVwkf0,"이런 노래가 있었는지, 궁금하시다면 ㄱㄱ",2025-06-30,1315,3,0
0gewS84sr84,제목을 괜히 가요톱20으로 한게 아니라는!,2025-06-30,126,0,0
BloXL3se3Hw,매력있네..이노래 땡겨~,2025-06-30,273,0,0
u_VMU2Dqw58,"노래를 듣고, 기분이 업~ 되셨다면, 롱버전을 확인해 보세요.",2025-06-30,10,0,0
ca7MfRrbiTU,"몸이 움찔했다면, 롱버전 확인하시는게 몸에 좋아요~ㅎ",2025-06-30,159,0,0
5GusYGruofI,"옛날 노래인데, 들을수록 빠져드네 ㅠ.ㅜ",2025-06-30,994,10,0
F_oZ4wGv8-U,뭐지 이노래? 이런 노래가 있었어? 지금 바로 영상탭 확인!,2025-06-30,16,0,0
1DuHS188DYM,최고의 힐링 음악이 다 모여있었네. 신난다~ #8090가요,2025-06-30,12,0,0
v1MW1hPxKNk,뭐야 이 노래? 죽이잖아! #8090가요 #신나는노래,2025-06-30,19,0,0
klDUZNASKJA,기분 좋아지는 노래~ 들으러 오세요~ #8090가요 #한국가요,2025-06-30,19,0,0
Xbzwgc5AhMU,"쇼츠가 아쉬우셨다면, 롱버전으로 전곡을 감상해 보세요. #8090가요 #한국가요",2025-06-30,11,0,0
hrdktMkT--w,8090 신나는 노래 다 모아놨어! 어서와~,2025-06-30,262,2,0
GXP_FYKD7ck,편안한 여름을 나는 두번째 음악! | 카페에서 듣기 좋은 음악 | 카페음악 | Summer Season Special: Jazz,2025-06-27,242,6,0
OiwRa-OmlSQ,이런 감성 오랜만이죠? 전체곡 감상은 영상탭에서 확인하세요.,2025-06-26,266,0,0
um7RnkPutaI,"듣는 순간, 그때로 돌아가는 추억의 멜로디 | 여가수 모음집 | 8090 한국 가요 | 가요20 | 8090s Korean pop music",2025-06-26,662,6,0
3hzEdL1t3Jw,이노래 어떠케해~~~~ 너무 좋아!,2025-06-26,459,2,0
-h3dsxu-jpc,아니 이런 노래가 8090? 쥑이는 감성!,2025-06-26,1490,0,0
ovCic_Wt1YY,지금 최신곡 방출중! 확인하세요!,2025-06-26,276,0,0
_8kENN0jULc,들어본 멜로디~ 롱버전으로 확인해보세요!,2025-06-26,563,5,0
_Jo-xozF83w,"노래가 짧아서 아쉽다면, 바로 클릭!",2025-06-26,586,1,0
J1NQ4LxSAss,8090 노래! 들어본 멜로디라면...길게 들어보세요~,2025-06-26,649,0,0
eCWrIs7WVqc,감성 노래 여기에 다 있네!!!! 지금 바로 확인해보세요.,2025-06-26,1607,3,0
bW8KLgB0Sgw,"노래가 너무 좋다면, 전체곡 감상 ㄱㄱ~",2025-06-26,1019,0,0
E9pXLOjST8o,8090 레트로 감성 시티팝! 전체곡으로 감상해보세요.,2025-06-24,361,1,0
tBcdtQa81pw,"익숙한 멜로디의 감성과 감동, 전체곡으로 들어보세요.",2025-06-24,236,0,0
CdZAIe3Oelo,한국 레트로 시티팝! 지금 바로 클릭! 8090 노래,2025-06-24,371,0,0
DpxZzuUW0D4,응답하라!! 잊고 지낸 나의 감성! 지금 바로 들어보세요 | 8090 한국 가요 | 80s–90s Korean pop music,2025-06-23,50,0,0
faAb6nl63M8,다시듣는! 그 시절 감성! [여가수 모음집] | 가요TOP20 | 80~90년대 감성 한국 가요 모음 | Korean Ballads 80s90s,2025-06-23,663,9,0
e9KqadaBDxE,계속 듣고 싶다면~ 지금 바로 클릭!! 지금 바로 들어보세요 | 8090 한국 가요 | 80s–90s Korean pop music,2025-06-23,360,0,0
her-CVw2n54,"어! 내 취향이다! 생각되면~!, 지금 바로 클릭! | 8090 한국 가요 | 80s–90s Korean pop music",2025-06-23,189,0,0
5ELK8AKxUWs,[여가수 모음집] 그날의 기억을 떠올리게 하는 노래 모음집! 한국 가요 20곡 | 8090 한국 가요 | 80s–90s Korean pop music,2025-06-23,130,0,0
ym7tvqNB8ZU,노래가 좋았다면~! 지금 바로 클릭!! 지금 바로 들어보세요 | 8090 한국 가요 | 80s–90s Korean pop music,2025-06-23,314,0,0
1MwvmXG-xFA,이 노래가 계속 듣고 싶다면~ 지금 바로 들어보세요! | 8090 한국 가요 | 80s–90s Korean pop music,2025-06-23,213,0,0
qUe55YuAsYk,여름 바다 배경영상으로 힐링되는 음악 모음!! 🌊🎧카페에서 듣기 좋은 음악 #23,2025-06-23,114,0,0
JYHetQy2XUk,이 노래가 마음을 울렸다면~ 지금 바로 클릭하세요! | 8090 한국 가요 | 80s–90s Korean pop music,2025-06-23,440,0,0
ypRSp3ffyGE,내가 찾던 가요라면? 지금 바로 클릭! 예전 감성 그대로 | 8090 한국 가요 | 80s–90s Korean pop music,2025-06-23,505,0,0
w7MDMcOkWxo,[여가수 모음집] 잔잔한 감동을 드립니다! 들어보세요~! 한국 가요 20곡 | 8090 한국 가요 | 80s–90s Korean pop music,2025-06-23,281,0,0
A5hYcyy58O4,카세트 감성 그노래가 듣고 싶다면 클릭! 한국 가요 20곡 | 8090 한국 가요 | 80s–90s Korean pop music,2025-06-22,436,1,0
QYdwhnJy0RE,2025 최신곡 창고 대 방출 중!! 지금 바로 들어보세요 | 8090 한국 가요 | 80s–90s Korean pop music,2025-06-21,357,0,0
YZZbjl1QOuw,"8090 감성 가요 창고 방출 중 !!! 옛 추억을 떠올리는 노래 모음, 8090 대중 가요 | 8090 한국 가요 | 80s–90s Korean pop music",2025-06-21,638,0,0
SdM8d6k3_k0,"8090 가요 창고 방출 중 !!! 지금 바로 들어보세요, 8090 대중 가요 | 8090 한국 가요 | 80s–90s Korean pop music",2025-06-21,584,0,0
CfIQKRihSfs,"비오는 밤에 들으면 더 감성적인 8090 대중 가요, 카세트 테잎 감",2025-06-20,295,0,0
Vk2XHAWN2Q4,여유를 부리고 싶을때~ 재즈 연주 카페 음악 Vol. 31+32 | 1 Hour Relaxing 🎷Jazz Instrumentals | Healing Cafe Music☕,2025-06-20,83,3,0
y-xQuNpQI18,그대를 찾아 헤매던 그 노래! 한국 가요 20곡 | 8090 한국 가요 | 80s–90s Korean pop music,2025-06-19,103,0,0
pWZ71GPLsmc,응답하라! 그때의 그 감성!! 한국 가요 20곡 | 8090 한국 가요 20곡 | 그루브 미쳤네! | 80s–90s Korean pop music,2025-06-19,327,1,0
rFk7cbR3RsE,우리가 사랑했던 그 음악! 한국 가요 20곡 | 8090 한국 가요 | 그루브 미쳤네! | 80s–90s Korean pop music,2025-06-19,398,0,0
iU1gEQbPq0g,"8090가요, 카세트 테잎의 감성, 추억의 멜로디 | 가요TOP20 | 다시 듣는 8090 한국 가요 | 80s–90s Korean pop music",2025-06-19,319,5,0
tJ6DgZvIMqc,"테이프가 늘어져라~ 듣던, 그 노래! 한국 가요 20곡 | 8090 한국 가요 | 80s–90s Korean pop music",2025-06-19,544,1,0
8QVe__XFvVo,브라운관 TV의 추억 속 그 노래들~! 지금 들어 보세요! 2025 한국 가요 20곡 | 8090 한국 가요 20곡 | 80s–90s Korean pop music,2025-06-19,427,0,0
izDDYSGmxRk,"못 들으면 후회해요. 카세트 테잎 앨범에 담긴 이야기, 한국 가요 20곡 | 8090 한국 가요 | 80s–90s Korean pop music",2025-06-19,420,1,0
WuwRfym54Hg,요즘 노래가 별로라면~! 2025 최신 레트로 한국 가요 20곡 | 8090 한국 가요 20곡 | 80s–90s Korean pop music,2025-06-18,446,1,0
g6HWrq8TNdE,요즘 노래보다 진한 감성~! 2025 최신 레트로 한국 가요 20곡 | 8090 한국 가요 20곡 | 80s–90s Korean pop music,2025-06-18,289,0,0
9h4wf4OKMzQ,예전 감성 그대~! 2025 최신 레트로 한국 가요 20곡 | 8090 한국 가요 20곡 | 80s–90s Korean pop music,2025-06-18,288,0,0
YW7rodH1bqs,진한~ 감성! 지금도 여전해~! 2025 최신 레트로 한국 가요 20곡 | 8090 한국 가요 20곡 | 80s–90s Korean pop music,2025-06-18,261,0,0
mcF1RUQkn_Y,"TV 앞을 점거했던, 그 음악~! 2025 최신 레트로 한국 가요 20곡 | 8090 한국 가요 20곡 | 80s–90s Korean pop music",2025-06-18,480,0,0
lGhU_ycSx1M,감미로운 재즈음악의 향연 | 카페음악 | jazz |,2025-06-18,56,3,0
OVLxULeBSis,TV 앞을 무단점거 했던 그 음악! 80·90년대 한국 가요 [두번째]｜가요TOP20｜한국 시티팝｜Korean City Pop Vibes,2025-06-17,332,8,0
isSE2Wmv5FQ,믿고 들어 보세요~! 2025 최신 레트로 한국 가요 20곡 | 8090 한국 가요 20곡 | 80s–90s Korean pop music,2025-06-17,651,0,0
7ooaDy8i1pA,"☀️낭만 가득한 재즈 음악, 올 여름은 이 음악 하나로  끝 🎧카페에서 듣기 좋은 음악",2025-06-17,366,0,0
dvfXNGVZmjE,"요즘 노래 못지 않은, 레트로 한국 가요 20곡 | 8090 한국 가요 20곡 | 그루브 미쳤네! | 80s–90s Korean pop music",2025-06-17,300,1,0
_ExEMnshIqE,"8090 한국 가요 20곡, 그루브 미쳤네! | 80s–90s Korean pop music",2025-06-17,272,0,0
lTT8xzrrSag,"☀️올 여름은 이 음악, 그냥 틀어 놓으세요 🎧카페에서 듣기 좋은 음악",2025-06-17,440,2,0
Ho6OhRgNxt8,"그 시절 감성, 미쳤다 진짜.  8090 한국 가요 | 80s–90s Korean pop music",2025-06-16,419,1,0
NLaub72z4OA,"가요TOP20｜그 시절 우리가 사랑한 감성 모음, 8090 한국 가요 [첫번째] | 80s–90s Korean pop music",2025-06-16,456,2,0
uTL9LLIJI7M,"그 시절 우리가 사랑한 감성 모음, 8090 한국 가요 [첫번째]｜가요TOP20 | 80s–90s Korean pop music",2025-06-16,1386,18,0
YYH0EACvXyU,"8090 한국 가요 20곡, 아직도 쥑이네 | 80s–90s Korean pop music",2025-06-16,516,2,0
X-Mzr0HXLaE,올여름에만 들을 수 있는 재즈 카페 음악과 함께~ ~ 🎧카페에서 듣기 좋은 음악 #21 | 🎶일하면서 듣기 좋은 카페음악 | Summer Season Special: Jazz,2025-06-16,310,7,0
BjU5UcVQcMQ,호숫가 나무 그늘 아래에서 힐링 카페 음악을~! #20 ☕Healing Cafe Music | Soft & Cozy Background for Relaxation,2025-06-15,181,2,0
jqf0dbOwrQ0,"🎹불면증 해결 음악, 명상, 공부, 독서, 휴식에 좋은 피아노곡 모음 Vol.44 | Piano Collection for Sleep",2025-06-15,73,4,0
BwsuAwx6FhI,"🌿 자연 속 감성 재즈 카페 음악 | Healing Jazz Cafe, Soft & Cozy Background for Relaxation",2025-06-14,236,0,0
YN-CCaw03eE,힐링 카페 음악 When You Need a Moment of Emotional Recharge  #cafemusic #cozysongs,2025-06-14,79,0,0
LWog3T1--74,"[playlist] 힐링 카페 음악 | Healing Jazz Cafe, Soft & Cozy Background for Relaxation",2025-06-13,400,2,0
QyrgcusRlBg,"🌿재즈 감성, 힐링 카페 음악  | Healing Jazz Cafe, Soft & Cozy Background for Relaxation  #relaxingmusic",2025-06-13,270,0,0
lQkaT_IyE6U,"힐링 재즈 카페 음악, 자연 속 감성 | Healing Jazz Cafe, Soft & Cozy Background for Relaxation",2025-06-13,484,0,0
K3JXQMGFr5I,🌿 힐링 카페 음악 모음 #19 | Healing Cafe Music | Soft & Cozy Background for Relaxation ☕ #coffeemusic,2025-06-13,73,2,0
Wj-Yx7r8Ynw,"🌿힐링 카페 음악, 그냥 틀어 놓으세요 🎧카페에서 듣기 좋은 음악 #18 | 🎶일하면서 듣기 좋은 카페음악🌿 자연 속 감성 재즈 카페 음악 | Healing Jazz Cafe",2025-06-12,136,1,0
odRJmA4HpYE,풀버전은 채널에서 기다리고 있어요. 🎧💫The full version is waiting for you on our channel. 🎵📺,2025-06-12,154,0,0
UTlB7bGV0ts,마음이 머무는 작은 카페 | Healing Cafe Music,2025-06-12,372,1,0
uhBW-BwDQMs,"세나 뮤직, 오늘도 당신 곁에 머뭅니다 | Sena Music stays with you, today and always.",2025-06-11,242,0,0
VkdvYZbuuYY,"🌊힐링 카페 음악이 흐르는 곳,  마음이 쉬어가는 공간☕ #17 | Relaxing Café Music by the Seaside #coffeemusic",2025-06-11,44,2,0
KYwe-90HBn8,"☕ 감성 영상과 따뜻한 음악이 만나는 곳, 세나 뮤직 / Where touching visuals meet warm melodies — Sena Music",2025-06-11,174,2,0
xoN4GqUZY6I,"커피 한잔의 여유, 세나 뮤직과 함께 ☕🎶A Moment of Coffee, with Sena Music – Calm & Cozy Café Vibes",2025-06-11,213,0,0
3v5fyITobtw,Feel the Melting Rock’n’Roll! | 마음을 녹이는 록앤롤 Vol.42 shorts 02,2025-06-10,101,0,0
7UnI4jMjrls,락앤롤의 열정과 부드러움을 함께 느껴 보세요 | Feel the passion and tenderness of Rock'n'Roll 🎸 #05 #rocknroll,2025-06-10,118,2,0
i_NRWh276K0,☕ 힐링 카페 영상과 함께 즐기는 세나 뮤직의 감성 음악🎵 Healing cafe music with Sena’s soothing visuals,2025-06-10,247,0,0
5gbqkcIfjMI,Rock’n’Roll That Melts Your Heart | 마음을 녹이는 록앤롤 Vol.42,2025-06-10,106,0,0
SVKhHrCYlzY,"🌿 힐링 카페 음악,☕모닝커피와 함께 #16 | Healing Cafe Music for a Peaceful Morning #coffeemusic",2025-06-10,44,1,0
tiVCR8SmB-U,🎧 힐링 카페 음악 | When You Need a Moment of Emotional Recharge  #02 #senamusicstudio #cafemusic,2025-06-09,20,1,0
bMixQfuER2o,🎧 When You Need a Moment of Emotional Recharge  힐링 카페 음악 #02 #cafemusic #cozysongs,2025-06-09,51,0,0
0jPmhOsQE0g,🎧 When You Need a Moment of Emotional Recharge 힐링 카페 음악 #senamusicstudio #cafemusic,2025-06-08,198,0,0
Vah0ZFsXJo8,"🌿힐링 카페 음악, 그냥 틀어 놓으세요 🎧카페에서 듣기 좋은 음악 #15 | 🎶일하면서 듣기 좋은 카페음악 Vol.40 #coffeemusic",2025-06-08,416,3,0
NUelhvUxXvY,Vol.36 🎷 Romantic Jazz Moments #senamusicstudio 힐링 카페 음악 #jazz #jazzbarvibes #cozymusic,2025-06-08,46,0,0
0YpIqCCgVVA,Vol.45 Relax with Healing Cafe Music #☕02 힐링 카페 음악으로 여유로운 시간 #cozymusic  #jazz #cafemusic,2025-06-07,502,3,0
wuLz_tc4mQc,Vol.45 Relax with Healing Cafe Music #01 ☕ 힐링 카페 음악으로 여유로운 시간 #cozymusic  #jazz #cafemusic,2025-06-06,396,3,0
_TW1Ud1fwxw,☕ 최고의 힐링 카페 음악 #14🎷Healing Cafe Music | Soft & Cozy Background for Relaxation  #coffeemusic,2025-06-06,158,0,0
_VE6WRCEiAg,☕조용한 카페에서 흐르는 감성 음악 #12 🎶 Vol.35  | 🎵 Relaxing Cafe Music for a Peaceful Moment #coffeemusic,2025-06-05,50,0,0
0fktjxMfWbk,"Vol.35 A cup of coffee, and this perfect music ☕ 커피 한 잔, 그리고 이 음악 🎶",2025-06-05,230,0,0
IXS8NH3Xyv8,☕ 최고의 힐링 카페 음악 | 커피마실 때 음악 | 🎷Healing Cafe Music | Soft & Cozy Background for Relaxation,2025-06-04,96,1,0
J0sjo6WNCaU,Relax with Healing Cafe Music ☕ 힐링 카페 음악으로 여유로운 시간 #senamusicstudio #cozymusic  #jazz #cafemusic,2025-06-04,217,0,0
HFRoB0uc_QE,Relax with Healing Cafe Music ☕ 힐링 카페 음악으로 여유로운 시간 #senamusicstudio #cozymusic  #jazz #cafemusic,2025-06-04,154,0,0
zW7dkR6GVgM,Vol.19 🎧 When You Need a Moment of Emotional Recharge #senamusicstudio #cafemusic #cozysongs,2025-06-04,106,0,0
PVkJ7eQsc7U,Vol.36 Relax with Healing Cafe Music #☕02  힐링 카페 음악으로 여유로운 시간 #cozymusic  #jazz #cafemusic,2025-06-04,235,2,0
h4iQwHpYXkc,Vol.36 👉Romantic Jazz Moments 🎷#02 | 낭만이 필요할 때 재즈 #senamusicstudio #jazz #jazzbarvibes #cozymusic,2025-06-04,83,0,0
GAPiiXvPxd4,"""What Was I Made For?"" - Billie Eilish (Cover by Sena) #lyrics #music #cover #kpop #song",2025-06-03,1152,3,0
rzfVQLi2Ke8,Rock’n’Roll Vibes from the 1950s | Retro Café Music #04 🎶 1950년대의 락앤롤 감성,2025-06-02,241,4,0
JR-EY0iW2iE,🎸 Feel the 1950s Rock'n'Roll Vibes! 🎶🔥 #senamusicstudio,2025-06-02,159,0,0
9ce9ntaOlrk,"[Playlist] Relaxing Jazz & Instrumental Live Stream | Cozy Café Music for Work, Study & Relax ☕🎶",2025-06-02,18,0,0
QM8g30M_onI,"[Playlist] Relaxing Jazz & Instrumental Live Stream | Cozy Café Music for Work, Study & Relax ☕🎶",2025-06-02,0,0,0
LisOX0P4mJw,🎷 Live Now: Relaxing Jazz & Instrumental Café Music ☕🎶,2025-06-02,197,3,0
1WVI0sM6BOE,[Playlist] 🎶 9 Emotional Themes 🎶 Continuous Live Music Stream 【Ad-Free】 | Healing & Cozy Café Vibes,2025-06-02,75,0,0
vS9GGa8Zm5U,🎧 When You Need a Moment of Emotional Recharge  #senamusicstudio #cafemusic #cozysongs,2025-06-02,125,0,0
q-IV50XkG8U,🎸 Rock’n’Roll Vibes from the 1950s | Retro Café,2025-06-02,156,0,0
VGbiwNL8Zqs,🎧 When You Need a Moment of Emotional Recharge  #senamusicstudio #cafemusic #cozysongs,2025-06-01,207,1,0
cFt92o2ZHZA,Vol.30 👉Just Let It Play | Instrumental Café Music 커피엔 음악,2025-06-01,129,0,0
KIWa_T03Iyo,🎷☕ Romantic Jazz Moments 🎷#senamusicstudio #jazz#cozymusic,2025-06-01,520,5,0
grAK8fpZ1lI,🎷☕ Romantic Jazz Moments 🎷#senamusicstudio #jazz#cozymusic,2025-06-01,56,0,0
R8OxnWgCjGE,👉Romantic Jazz Moments 🎷 #senamusicstudio #jazz #jazzbarvibes #cozymusic,2025-05-31,89,0,0
PlfU66dNcYI,커피 마실 때 최고의 음악 | 최고의 힐링 음악 #11 | 🎷Jazz Music for Relaxation & Romance 🌙☕ 커피엔 재즈 #jazz,2025-05-31,62,0,0
81nbwM6LRm8,👉🎷Romantic Jazz Moments#senamusicstudio #jazz #jazzbarvibes #cozymusic,2025-05-31,193,0,0
NS_XBB8JmTM,🎷 Romantic Jazz Moments 🎷#senamusicstudio #jazz #jazzbarvibes #cozymusic,2025-05-30,302,1,0
XKjZ_JZ17jI,👉Romantic Jazz Moments 🎷 | 낭만이 필요할 때 재즈 #senamusicroom #jazz #jazzbarvibes #cozymusic,2025-05-30,185,0,0
DlgBAZdgzpw,👉Romantic Jazz Moments 🎷 | 낭만이 필요할 때 재즈 #senamusicstudio #jazz #jazzbarvibes #cozymusic,2025-05-30,282,0,0
wCeCpfDaUJ0,🎷최고의 힐링 카페 음악 ☕ #10 | 마음이 머무는 작은 카페 | Healing Cafe Music | Jazz Music for Relaxation & Romance🌙,2025-05-30,164,1,0
MgJpi8oQmPw,👉Romantic Jazz Moments 🎷#senamusicroom #jazz #jazzbarvibes #cozymusic,2025-05-30,133,0,0
QOXwUoavuvE,👉 Romantic Jazz Moments 🎷#senamusicroom #jazz #jazzbarvibes #cozymusic,2025-05-30,6,0,0
SQqxYNe7d1g,👉Romantic Jazz Moments 🎷 | 낭만이 필요할 때 재즈 #senamusicroom #jazz #jazzbarvibes #cozymusic,2025-05-30,161,0,0
sA8kgg8KGtw,🎷최고의 힐링 카페 음악 | 마음이 머무는 작은 카페 #09 | Healing Cafe Music | 커피엔 재즈 #jazz,2025-05-30,92,2,0
H1fFE3IyKxg,"Vol.32👉Instrumental Jazz for a Peaceful Moment 그냥 틀어두세요, 재즈 연주곡 [Jazz Music #05]",2025-05-29,153,0,0
9g_Yc3RTwhI,Vol.32👉 Instrumental Jazz for a Peaceful Moment 커피엔 재즈 #jazz,2025-05-29,90,0,0
Ty6I3BNyc7Q,Just Let It Play | 3 Hours of Calm & Emotional Music #cafemusic,2025-05-29,91,4,0
difRj9Dlhfo,Vol.31 👉Instrumental Jazz for a Peaceful Moment [연주곡]커피엔 재즈 #jazz,2025-05-28,159,0,0
61h4YBS5lMQ,"Soft Café Ballads for Your Mood #senamusicroom | 그냥 틀어두세요, 감성 충전이 필요할 때",2025-05-28,202,1,0
_94FAn_JQ9M,Vol.29 👉Just Let It Play | Instrumental Café Music [연주곡]커피엔 음악,2025-05-28,134,2,0
F7Xumoai9x0,"☕ Instrumental Café Music for a Cozy Moment | 그냥 틀어두세요, 연주곡",2025-05-28,394,0,0
B0kJHx_9J1Y,☕최고의 힐링 카페 음악 | 마음이 머무는 작은 카페 | 모닝 커피 음악 모음 #08 | Healing Cafe Music #coffeemusic,2025-05-28,33,0,0
tjNWvgOuvW8,Just Let It Play | Instrumental Jazz for a Peaceful Moment,2025-05-28,126,0,0
PUrxttwtWXs,🎧 When You Need a Moment of Emotional Recharge #senamusicstudio #cafemusic #cozysongs,2025-05-28,80,0,0
C-Yp1JL7DkY,🎧 When You Need a Moment of Emotional Recharge #senamusicstudio #cafemusic #cozysongs,2025-05-28,185,1,0
gcloXd-DDDM,"☕힐링 카페 음악 모음, 마음이 머무는 작은 카페 | Healing Cafe Music",2025-05-27,44,0,0
IpFhqStB704,🎧 When You Need a Moment of Emotional Recharge #cafemusic #senamusicroom,2025-05-27,1285,13,0
bGZ9tJeB5ow,🎧 When You Need a Moment of Emotional Recharge #senamusicroom #cafemusic #cozysongs,2025-05-27,204,3,0
O5MXiF5thZY,Because of You - Kelly Clarkson | Heartbreaking Ballad Clip #senamusicroom #sena,2025-05-27,1473,20,0
m2akWtI_Oq4,🎧 When You Need a Moment of Emotional Recharge #senamusicroom #cafemusic #cozysongs,2025-05-26,134,1,0
9cOMWKrIt6c,"🎧 When You Need a Moment of Emotional Recharge 🎧 감성 충전이 필요한 순간, 이 음악 #cafemusic #senamusicroom",2025-05-26,61,0,0
3vbZktQUzaY,"🎧 When You Need a Moment of Emotional Recharge 🎧 감성 충전이 필요한 순간, 이 음악 #cafemusic #senamusicroom",2025-05-26,1690,8,0
xjBnkJD1Sfo,"""Jazz for Quiet Nights"" 고요한 밤, 재즈 한 잔 #senamusicroom #jazz #jazzbarvibes #재즈",2025-05-26,350,0,0
Gs92_7RaFzg,"""A Voice That Touches the Night | Original Song""  #senamusicroom #jazz #jazzbarvibes",2025-05-26,1033,15,0
RUENqmn4KJc,More Than I Can Say - Lyrics - Leo Sayer #senamusicroom #coversong #popballad,2025-05-26,26082,380,0
pEOyjIVKtQw,"🎧최고의 힐링 카페 음악 모음, 잔잔한 음악 | Café music to fill your heart 👉 cozy cafe music  #senamusicstudio",2025-05-26,486,6,0
tJojR6NmeYk,"☕마음이 머무는 작은 카페, 🌿힐링 카페 음악 모음 #05 | Healing Cafe Music 🌙 #cafemusic",2025-05-25,57,0,0
2rrMcCf-cVE,I’m Alive - Lyrics - Celine Dion Cover by Elly #senamusicroom #freemusic #popballad,2025-05-25,1607,9,0
CDDbeV79a6k,Stunning Unchained Melody - Lucy Thomas #senamusicroom #freemusic #popballad,2025-05-25,22751,335,0
Pp35ZOjcdFk,Sealed with a Kiss - Lyrics - Singer Elly Cover-03 #senamusicroom #ellycover #freemusic #sena,2025-05-24,94669,1005,0
vvOWzGbHVYs,"금요일엔 락앤롤 | 🔥""Friday Night Rock 'n' Roll"" 🎶 Vintage Rock 'n' Roll Night #02  #rocknroll",2025-05-23,444,3,0
hFy6cUrFDK0,💥 스트레스를 날려 버릴 음악이 필요할 때When You Need Music to Blow Away the Stress #senamusicroom,2025-05-23,289,1,0
Q_4zQdYpeiU,01  🎧 감성 충전이 필요한 순간 편안한 음악 Emotional Recharge · Gentle and Comforting Music #senamusicroom,2025-05-23,208,1,0
Kh4TSFLOygU,01  🎧 감성 충전이 필요한 순간 편안한 음악 Emotional Recharge · Gentle and Comforting Music #senamusicroom,2025-05-23,315,0,0
R_0srGUNW5A,"포크 뮤직 ""Folk Pop, Through the Open Window""  🎶 커피엔 포크 #folksong",2025-05-23,93,1,0
ZCYKVcFIMYQ,"""Until I Found You"" - Stephen Sanchez | Singer Elly Cover #senamusicroom #freemusic #popsongs",2025-05-22,2097,14,0
ZusTHR9GoDo,80년대 락앤롤 | 80s-Inspired Rock and Roll Playlist 🎧 #03 락앤롤 #rocknroll #80smusic,2025-05-22,391,2,0
QQnkJMCbgKM,7080재즈 🎷Retro Jazz Pulse – Inspired by the 70s and 80s  ☕🎶✨커피엔 재즈,2025-05-22,385,5,0
cC1zajyBAlw,"""Faded"" - Originally by Alan Walker Covered by Elly on the Sena Channel. #lyrics #senamusicroom",2025-05-21,1219,17,0
bOIHNq-iYw8,"""Duet Soul Pop Ballads""🎵 | #senamusicroom #freemusic",2025-05-21,110,1,0
WMkVZYPUIRI,"시대를 잊은 포크 음악🎧""Folk Pop Vibes · Soft Guitar & Voice""🎶",2025-05-21,209,2,0
LKkmKd8Qcf0,"✨ ""Broken Angel""  Arash feat. Helena | Emotional  Elly Cover ✨#senamusicroom #freemusic #popballad",2025-05-21,1658,22,0
qpco6D5asoo,🎵 French Alley Café Vibes — Relax with Emotional Music ☕,2025-05-20,239,0,0
XSXjrpNnvDo,🎶최고의 힐링 카페 음악 모음 #03 | 마음이 머무는 작은 카페 ☕| Healing Cafe Music |  European Café Mood Music,2025-05-20,67,0,0
BIca1c11zv8,"락앤롤의 감성을 그대로 ""Rock'n'Roll Vibes from the 1950s""🎶 #01",2025-05-20,526,3,0
vOlm9h8eXgs,"""Women in Love"" - Elton John | Singer Elly Cover  #senamusicroom #freemusic #sena #popballad",2025-05-20,12529,190,0
X1GW96zuopc,[Live] Sena Music Room #senamusicroom  #freemusic #livemusic #musicstreaming,2025-05-20,35,1,0
Vfc1Xl-6vco,팝페라 Popera: Heavenly Soprano & Strings 🎻✨ Music for When You Miss Someone,2025-05-20,93,0,0
L-qNjjR_fVA,[Live] 🎵 Enjoy a Variety of Emotional Café Music,2025-05-20,66,2,0
omukBXBzBg8,[Live] Listen to the original music from the Sena channel,2025-05-19,60,3,0
zRGZwTAt9DI,When You Need Courage | Rise Like a Flame #senamusicroom #freemusic,2025-05-19,214,1,0
xFWheJo_po4,When You Feel Like Giving Up – Rock Ballad Pop #senamusicroom,2025-05-19,47,0,0
xDK6uJL7y0M,“Summertime Sadness” 🌅 | Lana Del Rey’s Haunting Lyrics  #Elly #freemusic #cover #senamusicroom,2025-05-18,2146,32,0
_swHI8neDoE,Romantic Pop Ballads for First Love 🎶 #popballad,2025-05-17,103,1,0
cCa-POeO2zY,Cheap Thrills - Lyrics - Sia #senamusicroom #freemusic #popballad,2025-05-17,2655,28,0
HYvC9KeUkJg,🎤 Always Remember Us This Way - Lyrics - Lady Gaga Covered by Elly #senamusicroom #freemusic,2025-05-17,1509,24,0
HimuXTsijYo,Timeless American Folk Songs of the 1960s,2025-05-16,227,7,0
RqGnyqndyrU,Friday Night Jazz Vibes ~ So So Good ☕🌙💖 커피엔 재즈,2025-05-16,160,0,0
WmMOIr1iD0c,Seattle Nights | 10 Soft & Emotional Pop Songs #senamusicroom,2025-05-16,61,0,0
sEOiItj7Clg,"""Nothing's Gonna Stop Us Now"" - Originally by StarshipCovered by Elly #senamusicroom #freemusic",2025-05-16,31516,634,0
qTsIrq78cY4,Uplifting 90s-Style Pop Songs  #senamusicstudio,2025-05-15,56,0,0
IZBMOB2dNY8,The Winner Takes It All - Lyrics - ABBA (Elly Cover) #senamusicroom #freemusic #popballad,2025-05-15,3405,44,0
_-q4TS59aHc,So Sweet You Might Faint! 😍🎤 10 Emotional Female Vocal Pop Ballads,2025-05-15,144,0,0
iIbtoQekBv0,휘트니 휴스턴의 감성 Whitney Houston Style Soft Pop Ballads 🎤🎶🌙 10 Emotional Night Songs,2025-05-14,164,0,0
rkG5ZJsRXls,Sealed with a Kiss - Lyrics - Singer Elly Cover  #senamusicroom #ellycover #freemusic #sena,2025-05-14,89675,1246,0
0CxQO61keXo,Young & Fresh Retro Pop Ballads 🎤🎶🥳 Listen When You Want to Have Fun!,2025-05-14,71,1,0
JWDSVseKitU,스파이스걸스 감성 Spice Girls Style Dance Pop! 🎶🕺💃 Brings Back the Good Old Days!,2025-05-14,66,1,0
T7V6s7WdNJo,When You’re Hurt and Want to Cry 😢🌿 Just Let It Go and Leave It Behind,2025-05-14,49,0,0
1UK2W1MZ8nM,Jazz Bar in New Orleans 🎺🌆 Feel the Urban Vibes of Smooth Jazz 커피엔 재즈,2025-05-13,156,5,0
I8X8jA1gVK0,Fernando - ABBA (Original) | Lyrics - Singer Elly Cover,2025-05-13,9284,120,0
pmpGkr1eAAA,"""Too Young to Be Old"" - Originally by Jax Covered by Elly on the Sena Channel. #senamusicroom",2025-05-12,1949,21,0
IesLzQyGjoU,Cozy Café on the Outskirts ☕🎧 Enjoy Emotional Music with Coffee 카페음악 모음,2025-05-12,233,4,0
2ESoU65KYMs,여행길에 어울리는 노래 모음 Road Trip & Vacation 🏖️🎶 The Perfect Fun Music!🔥,2025-05-12,67,1,0
cYG2jAkK9jo,"""Women in Love"" - Elton John | Singer Elly Cover",2025-05-10,41612,545,0
HPciyLZ3d8c,"""Because Of You"" - Kelly Clarkson | Singer Elly Cover",2025-05-09,4812,58,0
CbgJ4tQH8uI,"""drivers license"" Olivia Rodrigo | AI Artist Sena Cover #aespa #dj #songlyrics #rose",2025-05-09,278,2,0
8B53Livw2Ww,"""we can't be friends"" - Ariana Grande | Sena Cover  #lyrics #music #cover",2025-05-08,234,1,0
cOH3Wuhfebk,"""Run with My Heart"" Original by AI Artist Sena  #music #cover #kpop #blackpink #song #aespa",2025-05-07,1474,2,0
Sy9W7pgHtBY,ROSÉ - On The Ground | Ai artist Sena 🎤✨ #music #cover #song #kpop #lyrics,2025-05-07,245,2,0
xpR-ZUpc-rs,"""Always Remember Us This Way"" - Lady Gaga | Sena AI Cover",2025-05-07,2977,31,0
KlVB-4V61Jk,"""Anti Hero""  Taylor Swift | Ai artist Sena 🎧 #music #cover #song #lyrics",2025-05-06,1568,7,0
lq6N-SK_aEU,"""Fly"" – Korean-English Bilingual Pop | Ai Vocal by Sena",2025-05-05,1718,8,0
Nk_mQVV1dhk,Because You Loved Me - Lyrics - Celine Dion | AI Artist Sena Cover  #lyrics #music #song,2025-05-04,2602,23,0
FLwZn4JpdIY,"""Without You"" - Ai Artist Sena 🎤",2025-05-03,426,1,0
_t51pzzBW-A,"""Disappear"" – Powerful Breakup Anthem | Ai Vocal by Sena",2025-05-02,1621,13,0
qkkqR4jiVBQ,"""I Will Miss You"" – Ai Artist Sena 🌙",2025-05-02,1463,12,0
z3F1fQHOqGQ,"""Thank You"" Dido | Ai artist Sena 🎧 #music #cover #song #lyrics #jazz",2025-05-01,1413,10,0
p0bTIStP_G0,"""Blank Space""  Taylor Swift | Ai artist Sena 🎧 #music #cover #song #lyrics #jazz",2025-05-01,347,4,0
efPkhc9FL2M,"""Cruel Summer"" Taylor Swift | Ai Vocal by Sena #music #cover #song",2025-05-01,1793,11,0
1iSIneclxtI,ROSÉ - On The Ground | Ai artist Sena 🎤✨ #music #cover #song #kpop #lyrics,2025-05-01,1907,7,0
-OqYYRrQsyU,"""Back to That Pure Love"" – Ai artist Sena 🎶💖",2025-04-30,1453,14,0
j9qVXF1VKjA,Sealed with a Kiss – Emily Linge 💌🎶,2025-04-30,21730,275,0
3vmgTUJRvnk,"""Sunlight Feels So Nice"" – Ai artist Sena  햇살이 참 좋아서 #aiartistsena #music #aimusic  #aivoice  #kpop",2025-04-30,597,3,0
xtJo9P1eo1c,Sealed with a Kiss – Emily Linge 💌🎶,2025-04-30,24531,217,0
f5oSO2fMTPs,"""Catch My Smile"" ✨ | Feel-Good Pop Song | Ai Artist Sena",2025-04-29,1490,13,0
ei9hM2s9F_A,"""Back to That Pure Love"" – Ai artist Sena 🎶💖",2025-04-29,1664,19,0
JNDG24Wj1MM,"✨ ""Broken Angel""  Arash feat. Helena | Emotional AI Cover ✨",2025-04-29,9458,166,0
J-FrSN3cGnI,"""Catch My Smile"" ✨ | Feel-Good Pop Song | Ai Artist Sena",2025-04-28,419,7,0
dG_VnJqx0sk,A Thousand Years - Christina Perri | Eternal Love 💖 #Shorts,2025-04-27,219,7,0
qZ2mkNSGQig,"""순수했던 그때로"" ""Back to That Pure Love"" – Ai artist Sena",2025-04-25,1613,7,0
rI4I-6rXwvM,"""Shy Smile"" 😊 |  Ai artist Sena",2025-04-25,1595,6,0
Xi8v9xRdvJ8,"""Waiting For Your Heart"" - AI Vocal Pop Ballad | Ai Artist Sena",2025-04-25,1480,12,0
rdao_s0rHew,"""When I Remember You"" – Soft Emotional Ballad #Shorts",2025-04-25,2685,20,0
5zHrxwq6g0U,"""Promise in the Rain"" – A Voice You'll Remember",2025-04-25,2125,16,0
728RQYTi8mE,"""Whisper of You"" – Ai artist Sena's emotional voice",2025-04-25,1828,12,0
